[
    {
    "_class": "app.entity.User",
    "id": "304BF43E-0E62-4F4A-8A63-3F22D7AD4611",
    "name": "admin",
    "login": "admin",
    "password": "$2a$10$LjzpM1Q3VoAtG2dTCCabNuW0/amVPjL3Iyvyi2Dj7NP.HngtzSewu"
  },
  {
    "_class": "app.entity.Role",
    "id": "Administrators",
    "user": { "id" : "304BF43E-0E62-4F4A-8A63-3F22D7AD4611" }
  },
  {
    "_class": "app.entity.Curso",
    "id": "9ACE8C7D-054D-41AE-BEC2-5E537EB7B1E6",
    "curso": "Gastronomia",
    "turno": "Matutino",
    "cargahoraria": "2037"
  },
  {
    "_class": "app.entity.Curso",
    "id": "762FC348-498E-49DF-AF4F-3289B1329539",
    "curso": "Design de Interiores",
    "turno": "Vespertino",
    "cargahoraria": "1706"
  },
  {
    "_class": "app.entity.Curso",
    "id": "D54044CE-3EBD-4001-89A1-18C1AE7D1932",
    "curso": "Farmácia",
    "turno": "Noturno",
    "cargahoraria": "4099"
  },
  {
    "_class": "app.entity.Curso",
    "id": "9B8C43EA-EB6D-4415-92D6-BAF1CCE5C21A",
    "curso": "Design Gráfico",
    "turno": "Noturno",
    "cargahoraria": "3000"
  }
]