{
  "auth": {
    "customId": "auth",
    "queryName": "Autenticar",
    "screen": "",
    "sourceType": "entityFullName",
    "entitySimpleName": "User",
    "entityFullName": "app.entity.User",
    "query": "select o from User o where o.login \u003d :login",
    "queryParamsValues": [
      {
        "fieldName": "login",
        "fieldValue": ""
      }
    ],
    "verbs": {
      "GET": false,
      "POST": false,
      "PUT": false,
      "DELETE": false
    },
    "events": {},
    "defaultValues": {},
    "security": {},
    "errorHandles": {},
    "serviceUrl": "api/cronapi/query/auth/"
  },
  "roles": {
    "customId": "roles",
    "queryName": "Obter Autorização",
    "screen": "",
    "sourceType": "entityFullName",
    "entitySimpleName": "Role",
    "entityFullName": "app.entity.Role",
    "query": "select o.id from Role o where o.user.login \u003d :login",
    "queryParamsValues": [
      {
        "fieldName": "login",
        "fieldValue": ""
      }
    ],
    "verbs": {
      "GET": false,
      "POST": false,
      "PUT": false,
      "DELETE": false,
      "FILTER": true
    },
    "events": {},
    "defaultValues": {},
    "security": {},
    "calcFields": {},
    "calcFieldsSecurity": {},
    "errorHandles": {},
    "serviceUrl": "api/cronapi/query/roles/"
  },
  "query928666": {
    "customId": "query928666",
    "queryName": "obterAluno",
    "sourceType": "entityFullName",
    "entitySimpleName": "Aluno",
    "entityFullName": "app.entity.Aluno",
    "query": {
      "isValid": true,
      "rulesEntity": [
        {
          "entity": "Aluno",
          "alias": "a",
          "namespace": "app.entity.Aluno"
        }
      ],
      "rulesSelect": [
        {
          "func": "get",
          "field": "a"
        }
      ],
      "rulesGroupBy": [],
      "rulesHaving": [],
      "rulesOrderBy": [],
      "rules": {
        "condition": "AND",
        "not": false,
        "valid": true,
        "rules": []
      }
    },
    "queryParamsValues": [],
    "verbs": {
      "GET": true,
      "POST": true,
      "PUT": true,
      "DELETE": true,
      "FILTER": true,
      "COUNT": true
    },
    "events": {},
    "defaultValues": {},
    "defaultValuesProperties": {},
    "security": {},
    "calcFields": {},
    "calcFieldsSecurity": {},
    "calcFieldsProperties": {},
    "errorHandles": {},
    "serviceUrl": "api/cronapi/odata/v2/query928666/"
  },
  "query976323": {
    "customId": "query976323",
    "queryName": "contar",
    "sourceType": "entityFullName",
    "entitySimpleName": "Aluno",
    "entityFullName": "app.entity.Aluno",
    "query": {
      "isEmpty": true,
      "isRawSql": true,
      "sqlContent": "select COUNT(a.nome) as quantidade, a.curso.curso as curso from Aluno a  group by a.curso.curso",
      "multiTenant": true,
      "paginatorAutomatic": false
    },
    "queryParamsValues": [],
    "verbs": {
      "GET": true,
      "POST": true,
      "PUT": true,
      "DELETE": true,
      "FILTER": true,
      "COUNT": true
    },
    "events": {},
    "defaultValues": {},
    "defaultValuesProperties": {},
    "security": {},
    "calcFields": {},
    "calcFieldsSecurity": {},
    "calcFieldsProperties": {},
    "errorHandles": {},
    "serviceUrl": "api/cronapi/odata/v2/query976323/"
  }
}